Time - Measured Data 0-Load,TDMS Value - Measured Data 0-Load,Time - Measured Data 0-Pressure,TDMS Value 2 - Measured Data 0-Pressure,Time - Measured Data 0-LVDT2,TDMS Value 3 - Measured Data 0-LVDT2
17:01.8,502.436,17:01.8,330.69,17:01.8,1.99085
17:01.9,502.523,17:01.9,330.818,17:01.9,1.99038
17:02.0,502.503,17:02.0,330.894,17:02.0,1.991
17:02.1,502.515,17:02.1,330.86,17:02.1,1.99081
17:02.2,502.51,17:02.2,330.777,17:02.2,1.99028
17:02.3,502.533,17:02.3,330.857,17:02.3,1.99072
17:02.4,502.58,17:02.4,330.857,17:02.4,1.99025
17:02.5,502.414,17:02.5,330.832,17:02.5,1.99061
17:02.6,502.538,17:02.6,330.807,17:02.6,1.99122
17:02.7,502.55,17:02.7,330.795,17:02.7,1.99081
17:02.8,502.421,17:02.8,330.826,17:02.8,1.99071
17:02.9,502.563,17:02.9,330.853,17:02.9,1.9901
17:03.0,502.474,17:03.0,330.813,17:03.0,1.99068
17:03.1,502.487,17:03.1,330.89,17:03.1,1.99093
17:03.2,502.46,17:03.2,330.795,17:03.2,1.99092
17:03.3,502.483,17:03.3,330.813,17:03.3,1.99072
17:03.4,502.359,17:03.4,330.858,17:03.4,1.99054
17:03.5,502.446,17:03.5,330.863,17:03.5,1.99063
17:03.6,502.449,17:03.6,330.837,17:03.6,1.99107
17:03.7,502.429,17:03.7,330.543,17:03.7,1.99079
17:03.8,502.445,17:03.8,330.735,17:03.8,1.99057
17:03.9,502.542,17:03.9,330.888,17:03.9,1.99055
17:04.0,502.388,17:04.0,330.772,17:04.0,1.99033
17:04.1,502.422,17:04.1,330.849,17:04.1,1.99072
17:04.2,502.441,17:04.2,330.691,17:04.2,1.9904
17:04.3,502.497,17:04.3,330.712,17:04.3,1.99032
17:04.4,502.489,17:04.4,330.707,17:04.4,1.99061
17:04.5,502.434,17:04.5,330.855,17:04.5,1.99072
17:04.6,502.56,17:04.6,330.742,17:04.6,1.99055
17:04.7,502.499,17:04.7,330.639,17:04.7,1.99123
17:04.8,502.456,17:04.8,330.936,17:04.8,1.99055
17:04.9,502.471,17:04.9,330.865,17:04.9,1.99035
17:05.0,502.518,17:05.0,330.89,17:05.0,1.99074
17:05.1,502.43,17:05.1,330.775,17:05.1,1.99097
17:05.2,502.458,17:05.2,330.707,17:05.2,1.99106
17:05.3,502.517,17:05.3,331.015,17:05.3,1.991
17:05.4,502.444,17:05.4,330.805,17:05.4,1.99106
17:05.5,502.487,17:05.5,330.773,17:05.5,1.99084
17:05.6,502.461,17:05.6,330.64,17:05.6,1.99082
17:05.7,502.455,17:05.7,330.664,17:05.7,1.99052
17:05.8,502.428,17:05.8,330.639,17:05.8,1.9906
17:05.9,502.409,17:05.9,330.825,17:05.9,1.99045
17:06.0,502.515,17:06.0,330.786,17:06.0,1.99051
17:06.1,502.384,17:06.1,330.736,17:06.1,1.99076
17:06.2,502.442,17:06.2,330.922,17:06.2,1.99091
17:06.3,502.447,17:06.3,330.792,17:06.3,1.99088
17:06.4,502.418,17:06.4,330.691,17:06.4,1.99065
17:06.5,502.372,17:06.5,330.761,17:06.5,1.99073
17:06.6,502.465,17:06.6,330.705,17:06.6,1.9908
17:06.7,502.457,17:06.7,330.813,17:06.7,1.99143
17:06.8,502.336,17:06.8,330.803,17:06.8,1.99063
17:06.9,502.305,17:06.9,330.656,17:06.9,1.99127
17:07.0,502.45,17:07.0,330.683,17:07.0,1.99123
17:07.1,502.433,17:07.1,330.654,17:07.1,1.99102
17:07.2,502.343,17:07.2,330.714,17:07.2,1.9908
17:07.3,502.445,17:07.3,330.617,17:07.3,1.99074
17:07.4,502.44,17:07.4,330.745,17:07.4,1.991
17:07.5,502.435,17:07.5,330.825,17:07.5,1.99042
17:07.6,502.453,17:07.6,330.796,17:07.6,1.99064
17:07.7,502.435,17:07.7,330.666,17:07.7,1.99078
17:07.8,502.402,17:07.8,330.735,17:07.8,1.99049
17:07.9,502.381,17:07.9,330.838,17:07.9,1.9904
17:08.0,502.383,17:08.0,330.77,17:08.0,1.99112
17:08.1,502.492,17:08.1,330.524,17:08.1,1.99094
17:08.2,502.402,17:08.2,330.795,17:08.2,1.9905
17:08.3,502.386,17:08.3,330.865,17:08.3,1.99069
17:08.4,502.418,17:08.4,331.027,17:08.4,1.99051
17:08.5,502.443,17:08.5,330.675,17:08.5,1.99087
17:08.6,502.461,17:08.6,330.644,17:08.6,1.991
17:08.7,502.47,17:08.7,330.787,17:08.7,1.99112
17:08.8,502.462,17:08.8,330.838,17:08.8,1.99068
17:08.9,502.464,17:08.9,330.676,17:08.9,1.99083
17:09.0,502.448,17:09.0,330.763,17:09.0,1.9909
17:09.1,502.375,17:09.1,330.864,17:09.1,1.99098
17:09.2,502.405,17:09.2,330.7,17:09.2,1.99088
17:09.3,502.319,17:09.3,330.817,17:09.3,1.99074
17:09.4,502.483,17:09.4,330.746,17:09.4,1.9908
17:09.5,502.405,17:09.5,330.922,17:09.5,1.99023
17:09.6,502.455,17:09.6,330.781,17:09.6,1.99095
17:09.7,502.485,17:09.7,330.631,17:09.7,1.99036
17:09.8,502.39,17:09.8,330.719,17:09.8,1.99129
17:09.9,502.427,17:09.9,330.671,17:09.9,1.99117
17:10.0,502.359,17:10.0,330.903,17:10.0,1.99062
17:10.1,502.421,17:10.1,330.901,17:10.1,1.9913
17:10.2,502.39,17:10.2,330.663,17:10.2,1.99069
17:10.3,502.372,17:10.3,330.727,17:10.3,1.99124
17:10.4,502.412,17:10.4,330.694,17:10.4,1.99094
17:10.5,502.319,17:10.5,330.779,17:10.5,1.99021
17:10.6,502.431,17:10.6,330.646,17:10.6,1.99141
17:10.7,502.407,17:10.7,330.725,17:10.7,1.99057
17:10.8,502.455,17:10.8,330.744,17:10.8,1.99117
17:10.9,502.386,17:10.9,330.912,17:10.9,1.99123
17:11.0,502.451,17:11.0,330.719,17:11.0,1.99059
17:11.1,502.469,17:11.1,330.616,17:11.1,1.99035
17:11.2,502.311,17:11.2,330.791,17:11.2,1.99099
17:11.3,502.455,17:11.3,330.69,17:11.3,1.99105
17:11.4,502.422,17:11.4,330.82,17:11.4,1.99043
17:11.5,502.359,17:11.5,330.842,17:11.5,1.99089
17:11.6,502.435,17:11.6,330.831,17:11.6,1.99106
17:11.7,502.384,17:11.7,330.665,17:11.7,1.99062
17:11.8,502.328,17:11.8,330.811,17:11.8,1.99113
17:11.9,502.397,17:11.9,330.749,17:11.9,1.99088
17:12.0,502.389,17:12.0,330.82,17:12.0,1.99088
17:12.1,502.422,17:12.1,330.711,17:12.1,1.99113
17:12.2,502.304,17:12.2,330.809,17:12.2,1.99109
17:12.3,502.369,17:12.3,330.867,17:12.3,1.99055
17:12.4,502.395,17:12.4,330.809,17:12.4,1.99133
17:12.5,502.367,17:12.5,330.83,17:12.5,1.9909
17:12.6,502.329,17:12.6,330.699,17:12.6,1.99069
17:12.7,502.402,17:12.7,330.686,17:12.7,1.99067
17:12.8,502.369,17:12.8,330.611,17:12.8,1.99092
17:12.9,502.305,17:12.9,330.678,17:12.9,1.99133
17:13.0,502.408,17:13.0,330.667,17:13.0,1.9906
17:13.1,502.301,17:13.1,330.74,17:13.1,1.99053
17:13.2,502.383,17:13.2,330.728,17:13.2,1.99074
17:13.3,502.197,17:13.3,330.639,17:13.3,1.9906
17:13.4,502.322,17:13.4,330.837,17:13.4,1.99103
17:13.5,502.306,17:13.5,330.75,17:13.5,1.99111
17:13.6,502.301,17:13.6,330.704,17:13.6,1.99096
17:13.7,502.39,17:13.7,330.532,17:13.7,1.99091
17:13.8,502.382,17:13.8,330.703,17:13.8,1.99059
17:13.9,502.34,17:13.9,330.794,17:13.9,1.99099
17:14.0,502.373,17:14.0,330.768,17:14.0,1.99113
17:14.1,502.392,17:14.1,330.56,17:14.1,1.99058
17:14.2,502.33,17:14.2,330.773,17:14.2,1.99083
17:14.3,502.276,17:14.3,330.634,17:14.3,1.99087
17:14.4,502.367,17:14.4,330.638,17:14.4,1.99154
17:14.5,502.404,17:14.5,330.74,17:14.5,1.99071
17:14.6,502.357,17:14.6,330.725,17:14.6,1.99067
17:14.7,502.382,17:14.7,330.813,17:14.7,1.99121
17:14.8,502.373,17:14.8,330.763,17:14.8,1.99121
17:14.9,502.211,17:14.9,330.804,17:14.9,1.9909
17:15.0,502.359,17:15.0,330.79,17:15.0,1.9904
17:15.1,502.331,17:15.1,330.801,17:15.1,1.99094
17:15.2,502.31,17:15.2,330.81,17:15.2,1.99113
17:15.3,502.252,17:15.3,330.66,17:15.3,1.99092
17:15.4,502.413,17:15.4,330.782,17:15.4,1.99092
17:15.5,502.3,17:15.5,330.607,17:15.5,1.9908
17:15.6,502.313,17:15.6,330.797,17:15.6,1.99142
17:15.7,502.316,17:15.7,330.788,17:15.7,1.99051
17:15.8,502.306,17:15.8,330.562,17:15.8,1.9912
17:15.9,502.359,17:15.9,330.736,17:15.9,1.99111
17:16.0,502.196,17:16.0,330.72,17:16.0,1.99106
17:16.1,502.374,17:16.1,330.733,17:16.1,1.99098
17:16.2,502.442,17:16.2,330.739,17:16.2,1.99077
17:16.3,502.423,17:16.3,330.795,17:16.3,1.99116
17:16.4,502.351,17:16.4,330.749,17:16.4,1.99065
17:16.5,502.262,17:16.5,330.494,17:16.5,1.99109
17:16.6,502.342,17:16.6,330.544,17:16.6,1.99104
17:16.7,502.376,17:16.7,330.563,17:16.7,1.99069
17:16.8,502.407,17:16.8,330.813,17:16.8,1.99085
17:16.9,502.429,17:16.9,330.828,17:16.9,1.99127
17:17.0,502.376,17:17.0,330.743,17:17.0,1.99117
17:17.1,502.282,17:17.1,330.729,17:17.1,1.99074
17:17.2,502.368,17:17.2,330.772,17:17.2,1.99111
17:17.3,502.344,17:17.3,330.65,17:17.3,1.99116
17:17.4,502.353,17:17.4,330.634,17:17.4,1.99103
17:17.5,502.337,17:17.5,330.777,17:17.5,1.99073
17:17.6,502.284,17:17.6,330.809,17:17.6,1.99124
17:17.7,502.346,17:17.7,330.635,17:17.7,1.99089
17:17.8,502.268,17:17.8,330.787,17:17.8,1.9912
17:17.9,502.289,17:17.9,330.807,17:17.9,1.99096
17:18.0,502.341,17:18.0,330.825,17:18.0,1.99036
17:18.1,502.425,17:18.1,330.632,17:18.1,1.99023
17:18.2,502.394,17:18.2,330.772,17:18.2,1.9913
17:18.3,502.382,17:18.3,330.706,17:18.3,1.99089
17:18.4,502.382,17:18.4,330.729,17:18.4,1.99125
17:18.5,502.375,17:18.5,330.605,17:18.5,1.99102
17:18.6,502.349,17:18.6,330.577,17:18.6,1.99141
17:18.7,502.329,17:18.7,330.673,17:18.7,1.99121
17:18.8,502.418,17:18.8,330.71,17:18.8,1.99098
17:18.9,502.385,17:18.9,330.67,17:18.9,1.99109
17:19.0,502.292,17:19.0,330.656,17:19.0,1.99047
17:19.1,502.27,17:19.1,330.712,17:19.1,1.99088
17:19.2,502.365,17:19.2,330.628,17:19.2,1.99048
17:19.3,502.344,17:19.3,330.872,17:19.3,1.99146
17:19.4,502.377,17:19.4,330.568,17:19.4,1.99121
17:19.5,502.317,17:19.5,330.636,17:19.5,1.99056
17:19.6,502.275,17:19.6,330.673,17:19.6,1.99093
17:19.7,502.328,17:19.7,330.761,17:19.7,1.99086
17:19.8,502.301,17:19.8,330.771,17:19.8,1.9908
17:19.9,502.366,17:19.9,330.801,17:19.9,1.9907
17:20.0,502.334,17:20.0,330.625,17:20.0,1.99091
17:20.1,502.275,17:20.1,330.697,17:20.1,1.99042
17:20.2,502.347,17:20.2,330.656,17:20.2,1.99121
17:20.3,502.308,17:20.3,330.593,17:20.3,1.99051
17:20.4,502.318,17:20.4,330.658,17:20.4,1.99085
17:20.5,502.222,17:20.5,330.756,17:20.5,1.99097
17:20.6,502.44,17:20.6,330.648,17:20.6,1.99082
17:20.7,502.324,17:20.7,330.683,17:20.7,1.99071
17:20.8,502.31,17:20.8,330.665,17:20.8,1.99113
17:20.9,502.219,17:20.9,330.532,17:20.9,1.9909
17:21.0,502.401,17:21.0,330.7,17:21.0,1.991
17:21.1,502.365,17:21.1,330.751,17:21.1,1.99088
17:21.2,502.278,17:21.2,330.677,17:21.2,1.99092
17:21.3,502.33,17:21.3,330.73,17:21.3,1.99071
17:21.4,502.285,17:21.4,330.548,17:21.4,1.99084
17:21.5,502.352,17:21.5,330.66,17:21.5,1.99099
17:21.6,502.343,17:21.6,330.653,17:21.6,1.9908
17:21.7,502.311,17:21.7,330.575,17:21.7,1.99118
17:21.8,502.384,17:21.8,330.675,17:21.8,1.9906
17:21.9,502.291,17:21.9,330.747,17:21.9,1.99086
17:22.0,502.348,17:22.0,330.663,17:22.0,1.99099
17:22.1,502.313,17:22.1,330.857,17:22.1,1.99069
17:22.2,502.348,17:22.2,330.776,17:22.2,1.99115
17:22.3,502.233,17:22.3,330.723,17:22.3,1.99116
17:22.4,502.471,17:22.4,330.667,17:22.4,1.99083
17:22.5,502.288,17:22.5,330.745,17:22.5,1.99129
17:22.6,502.257,17:22.6,330.63,17:22.6,1.99081
17:22.7,502.347,17:22.7,330.696,17:22.7,1.99113
17:22.8,502.26,17:22.8,330.68,17:22.8,1.991
17:22.9,502.382,17:22.9,330.663,17:22.9,1.99061
17:23.0,502.221,17:23.0,330.673,17:23.0,1.99104
17:23.1,502.178,17:23.1,330.755,17:23.1,1.9911
17:23.2,502.335,17:23.2,330.558,17:23.2,1.99086
17:23.3,502.319,17:23.3,330.567,17:23.3,1.99135
17:23.4,502.299,17:23.4,330.715,17:23.4,1.991
17:23.5,502.296,17:23.5,330.743,17:23.5,1.99092
17:23.6,502.177,17:23.6,330.48,17:23.6,1.99122
17:23.7,502.239,17:23.7,330.619,17:23.7,1.99091
17:23.8,502.389,17:23.8,330.708,17:23.8,1.99059
17:23.9,502.244,17:23.9,330.664,17:23.9,1.99121
17:24.0,502.337,17:24.0,330.728,17:24.0,1.99113
17:24.1,502.239,17:24.1,330.657,17:24.1,1.99086
17:24.2,502.297,17:24.2,330.58,17:24.2,1.99093
17:24.3,502.267,17:24.3,330.704,17:24.3,1.99063
17:24.4,502.284,17:24.4,330.663,17:24.4,1.99057
17:24.5,502.303,17:24.5,330.604,17:24.5,1.99095
17:24.6,502.254,17:24.6,330.577,17:24.6,1.99039
17:24.7,502.26,17:24.7,330.766,17:24.7,1.9912
17:24.8,502.277,17:24.8,330.691,17:24.8,1.99107
17:24.9,502.325,17:24.9,330.689,17:24.9,1.99118
17:25.0,502.608,17:25.0,328.303,17:25.0,1.99084
17:25.1,503.186,17:25.1,329.167,17:25.1,1.99107
17:25.2,503.002,17:25.2,329.131,17:25.2,1.99162
17:25.3,502.926,17:25.3,329.314,17:25.3,1.99121
17:25.4,502.991,17:25.4,329.152,17:25.4,1.99101
17:25.5,502.846,17:25.5,329.43,17:25.5,1.9912
17:25.6,502.891,17:25.6,329.192,17:25.6,1.9916
17:25.7,502.893,17:25.7,329.375,17:25.7,1.99079
17:25.8,502.872,17:25.8,329.343,17:25.8,1.99108
17:25.9,502.765,17:25.9,329.037,17:25.9,1.99161
17:26.0,502.995,17:26.0,329.293,17:26.0,1.99104
17:26.1,502.799,17:26.1,329.419,17:26.1,1.99123
17:26.2,502.827,17:26.2,329.232,17:26.2,1.99087
17:26.3,502.777,17:26.3,329.313,17:26.3,1.99102
17:26.4,502.757,17:26.4,329.419,17:26.4,1.99084
17:26.5,502.728,17:26.5,329.419,17:26.5,1.991
17:26.6,502.728,17:26.6,329.431,17:26.6,1.99121
17:26.7,502.731,17:26.7,329.424,17:26.7,1.99097
17:26.8,502.679,17:26.8,329.298,17:26.8,1.99111
17:26.9,502.802,17:26.9,329.295,17:26.9,1.99135
17:27.0,502.735,17:27.0,329.291,17:27.0,1.99114
17:27.1,502.735,17:27.1,329.095,17:27.1,1.99061
17:27.2,502.719,17:27.2,329.208,17:27.2,1.99075
17:27.3,502.881,17:27.3,329.202,17:27.3,1.99131
17:27.4,502.802,17:27.4,329.031,17:27.4,1.99141
17:27.5,502.774,17:27.5,329.115,17:27.5,1.99134
17:27.6,502.767,17:27.6,328.902,17:27.6,1.9913
17:27.7,502.879,17:27.7,328.887,17:27.7,1.99106
17:27.8,502.857,17:27.8,328.844,17:27.8,1.99109
17:27.9,502.783,17:27.9,328.783,17:27.9,1.99115
17:28.0,502.855,17:28.0,328.719,17:28.0,1.99108
17:28.1,502.876,17:28.1,328.634,17:28.1,1.99121
17:28.2,502.851,17:28.2,328.428,17:28.2,1.99158
17:28.3,502.891,17:28.3,328.399,17:28.3,1.99136
17:28.4,502.87,17:28.4,328.268,17:28.4,1.99137
17:28.5,503.009,17:28.5,327.998,17:28.5,1.99154
17:28.6,503.07,17:28.6,328.107,17:28.6,1.99113
17:28.7,503.061,17:28.7,327.788,17:28.7,1.99113
17:28.8,503.066,17:28.8,327.524,17:28.8,1.99175
17:28.9,503.198,17:28.9,327.501,17:28.9,1.99134
17:29.0,503.149,17:29.0,327.458,17:29.0,1.9916
17:29.1,503.431,17:29.1,327.073,17:29.1,1.99186
17:29.2,503.574,17:29.2,326.65,17:29.2,1.99114
17:29.3,503.641,17:29.3,326.31,17:29.3,1.99179
17:29.4,503.804,17:29.4,326.128,17:29.4,1.99165
17:29.5,503.822,17:29.5,325.973,17:29.5,1.99134
17:29.6,504.045,17:29.6,325.652,17:29.6,1.99172
17:29.7,504.075,17:29.7,325.571,17:29.7,1.99174
17:29.8,504.218,17:29.8,325.373,17:29.8,1.99139
17:29.9,504.338,17:29.9,325.037,17:29.9,1.99167
17:30.0,504.356,17:30.0,324.952,17:30.0,1.9914
17:30.1,504.452,17:30.1,324.713,17:30.1,1.99164
17:30.2,504.647,17:30.2,324.502,17:30.2,1.99183
17:30.3,504.682,17:30.3,324.342,17:30.3,1.99146
17:30.4,504.849,17:30.4,324.051,17:30.4,1.9915
17:30.5,505.034,17:30.5,323.593,17:30.5,1.99155
17:30.6,505.244,17:30.6,323.254,17:30.6,1.99158
17:30.7,505.545,17:30.7,322.932,17:30.7,1.99122
17:30.8,505.717,17:30.8,322.709,17:30.8,1.99124
17:30.9,505.841,17:30.9,322.267,17:30.9,1.99117
17:31.0,506.103,17:31.0,322.02,17:31.0,1.99146
17:31.1,506.097,17:31.1,321.74,17:31.1,1.99111
17:31.2,506.462,17:31.2,321.465,17:31.2,1.99131
17:31.3,506.637,17:31.3,321.106,17:31.3,1.99168
17:31.4,506.869,17:31.4,320.649,17:31.4,1.99179
17:31.5,507.009,17:31.5,320.281,17:31.5,1.9916
17:31.6,507.352,17:31.6,319.804,17:31.6,1.99125
17:31.7,507.523,17:31.7,319.474,17:31.7,1.99117
17:31.8,507.754,17:31.8,319.12,17:31.8,1.99089
17:31.9,508.039,17:31.9,318.617,17:31.9,1.99103
17:32.0,508.273,17:32.0,318.467,17:32.0,1.99117
17:32.1,508.481,17:32.1,317.996,17:32.1,1.99157
17:32.2,508.658,17:32.2,317.748,17:32.2,1.99121
17:32.3,508.966,17:32.3,316.957,17:32.3,1.99134
17:32.4,509.32,17:32.4,316.688,17:32.4,1.99131
17:32.5,509.634,17:32.5,315.91,17:32.5,1.99128
17:32.6,509.926,17:32.6,315.558,17:32.6,1.99155
17:32.7,510.291,17:32.7,314.963,17:32.7,1.9907
17:32.8,510.624,17:32.8,314.484,17:32.8,1.99148
17:32.9,510.971,17:32.9,314.117,17:32.9,1.9911
17:33.0,511.183,17:33.0,313.67,17:33.0,1.99147
17:33.1,511.554,17:33.1,312.883,17:33.1,1.99127
17:33.2,511.942,17:33.2,312.397,17:33.2,1.99109
17:33.3,512.355,17:33.3,311.518,17:33.3,1.99169
17:33.4,512.891,17:33.4,310.857,17:33.4,1.99147
17:33.5,513.226,17:33.5,310.074,17:33.5,1.99158
17:33.6,513.633,17:33.6,309.72,17:33.6,1.99147
17:33.7,513.994,17:33.7,308.903,17:33.7,1.99123
17:33.8,514.271,17:33.8,308.377,17:33.8,1.99117
17:33.9,514.704,17:33.9,307.825,17:33.9,1.99153
17:34.0,514.936,17:34.0,307.088,17:34.0,1.99142
17:34.1,515.35,17:34.1,306.72,17:34.1,1.99122
17:34.2,515.737,17:34.2,306.249,17:34.2,1.99135
17:34.3,516.213,17:34.3,305.541,17:34.3,1.99118
17:34.4,516.486,17:34.4,305.287,17:34.4,1.99152
17:34.5,516.907,17:34.5,304.58,17:34.5,1.99147
17:34.6,517.289,17:34.6,303.991,17:34.6,1.99161
17:34.7,517.657,17:34.7,303.357,17:34.7,1.99192
17:34.8,517.87,17:34.8,303.05,17:34.8,1.99147
17:34.9,518.253,17:34.9,302.378,17:34.9,1.99157
17:35.0,518.651,17:35.0,302.003,17:35.0,1.9917
17:35.1,518.971,17:35.1,301.321,17:35.1,1.99151
17:35.2,519.245,17:35.2,300.998,17:35.2,1.99184
17:35.3,519.685,17:35.3,300.148,17:35.3,1.99197
17:35.4,520.11,17:35.4,299.784,17:35.4,1.99138
17:35.5,520.305,17:35.5,299.422,17:35.5,1.9921
17:35.6,520.599,17:35.6,298.805,17:35.6,1.99178
17:35.7,520.879,17:35.7,298.444,17:35.7,1.99204
17:35.8,521.23,17:35.8,297.936,17:35.8,1.99212
17:35.9,521.519,17:35.9,297.296,17:35.9,1.99241
17:36.0,521.848,17:36.0,296.725,17:36.0,1.99247
17:36.1,522.247,17:36.1,296.521,17:36.1,1.99231
17:36.2,522.538,17:36.2,295.62,17:36.2,1.99203
17:36.3,522.964,17:36.3,295.142,17:36.3,1.99206
17:36.4,523.103,17:36.4,294.971,17:36.4,1.99192
17:36.5,523.429,17:36.5,294.227,17:36.5,1.99223
17:36.6,523.86,17:36.6,293.96,17:36.6,1.9927
17:36.7,523.934,17:36.7,293.493,17:36.7,1.99224
17:36.8,524.233,17:36.8,292.869,17:36.8,1.99262
17:36.9,524.598,17:36.9,292.564,17:36.9,1.99234
17:37.0,524.926,17:37.0,291.834,17:37.0,1.99244
17:37.1,525.204,17:37.1,291.54,17:37.1,1.99303
17:37.2,525.509,17:37.2,290.991,17:37.2,1.99273
17:37.3,525.653,17:37.3,290.5,17:37.3,1.99292
17:37.4,526.034,17:37.4,290.047,17:37.4,1.99303
17:37.5,526.448,17:37.5,289.573,17:37.5,1.99338
17:37.6,526.636,17:37.6,289.258,17:37.6,1.99278
17:37.7,526.953,17:37.7,288.634,17:37.7,1.99317
17:37.8,527.178,17:37.8,287.934,17:37.8,1.9931
17:37.9,527.383,17:37.9,287.593,17:37.9,1.99321
17:38.0,527.849,17:38.0,287.026,17:38.0,1.9934
17:38.1,528.11,17:38.1,286.55,17:38.1,1.99269
17:38.2,528.394,17:38.2,285.798,17:38.2,1.99358
17:38.3,528.958,17:38.3,284.509,17:38.3,1.99325
17:38.4,529.464,17:38.4,283.517,17:38.4,1.99337
17:38.5,529.805,17:38.5,282.665,17:38.5,1.99356
17:38.6,530.22,17:38.6,282.174,17:38.6,1.99347
17:38.7,530.539,17:38.7,281.613,17:38.7,1.99331
17:38.8,530.749,17:38.8,280.758,17:38.8,1.99347
17:38.9,531.169,17:38.9,279.971,17:38.9,1.99338
17:39.0,531.517,17:39.0,279.339,17:39.0,1.99412
17:39.1,531.871,17:39.1,278.568,17:39.1,1.99343
17:39.2,532.18,17:39.2,277.946,17:39.2,1.99417
17:39.3,532.52,17:39.3,277.327,17:39.3,1.99401
17:39.4,532.887,17:39.4,276.589,17:39.4,1.9938
17:39.5,533.214,17:39.5,276.132,17:39.5,1.9942
17:39.6,533.391,17:39.6,275.46,17:39.6,1.99422
17:39.7,533.769,17:39.7,274.767,17:39.7,1.9946
17:39.8,534.108,17:39.8,274.137,17:39.8,1.9946
17:39.9,534.418,17:39.9,273.635,17:39.9,1.99431
17:40.0,534.718,17:40.0,272.721,17:40.0,1.99488
17:40.1,534.994,17:40.1,272.144,17:40.1,1.99555
17:40.2,535.359,17:40.2,271.442,17:40.2,1.9949
17:40.3,535.611,17:40.3,270.692,17:40.3,1.99481
17:40.4,536.068,17:40.4,270.087,17:40.4,1.99528
17:40.5,536.191,17:40.5,269.31,17:40.5,1.99532
17:40.6,536.711,17:40.6,268.628,17:40.6,1.99551
17:40.7,536.989,17:40.7,268.001,17:40.7,1.99564
17:40.8,537.294,17:40.8,267.488,17:40.8,1.99557
17:40.9,537.726,17:40.9,266.866,17:40.9,1.99516
17:41.0,537.973,17:41.0,266.035,17:41.0,1.99548
17:41.1,538.276,17:41.1,265.323,17:41.1,1.9953
17:41.2,538.649,17:41.2,264.815,17:41.2,1.99605
17:41.3,539.041,17:41.3,264.202,17:41.3,1.99589
17:41.4,539.307,17:41.4,263.449,17:41.4,1.99644
17:41.5,539.617,17:41.5,262.933,17:41.5,1.99588
17:41.6,539.976,17:41.6,262.153,17:41.6,1.99623
17:41.7,540.271,17:41.7,261.635,17:41.7,1.9957
17:41.8,540.619,17:41.8,260.967,17:41.8,1.99646
17:41.9,540.906,17:41.9,260.555,17:41.9,1.9961
17:42.0,541.28,17:42.0,259.885,17:42.0,1.99641
17:42.1,541.527,17:42.1,259.195,17:42.1,1.99666
17:42.2,541.958,17:42.2,258.477,17:42.2,1.99679
17:42.3,542.283,17:42.3,258.07,17:42.3,1.99639
17:42.4,542.493,17:42.4,257.504,17:42.4,1.99635
17:42.5,542.791,17:42.5,256.739,17:42.5,1.99719
17:42.6,543.136,17:42.6,256.208,17:42.6,1.99637
17:42.7,543.315,17:42.7,255.741,17:42.7,1.99687
17:42.8,543.796,17:42.8,255.015,17:42.8,1.99662
17:42.9,544.132,17:42.9,254.383,17:42.9,1.99712
17:43.0,544.194,17:43.0,253.891,17:43.0,1.99694
17:43.1,544.669,17:43.1,253.294,17:43.1,1.99737
17:43.2,544.907,17:43.2,252.671,17:43.2,1.99726
17:43.3,545.214,17:43.3,252.185,17:43.3,1.99749
17:43.4,545.478,17:43.4,251.85,17:43.4,1.99751
17:43.5,545.809,17:43.5,251.175,17:43.5,1.99763
17:43.6,546.065,17:43.6,250.309,17:43.6,1.99772
17:43.7,546.248,17:43.7,250.015,17:43.7,1.99769
17:43.8,546.68,17:43.8,249.441,17:43.8,1.99787
17:43.9,546.926,17:43.9,249.145,17:43.9,1.99853
17:44.0,547.367,17:44.0,248.28,17:44.0,1.99858
17:44.1,547.517,17:44.1,247.869,17:44.1,1.99864
17:44.2,547.73,17:44.2,247.297,17:44.2,1.99847
17:44.3,547.973,17:44.3,246.64,17:44.3,1.99863
17:44.4,548.257,17:44.4,246.303,17:44.4,1.99826
17:44.5,548.496,17:44.5,245.603,17:44.5,1.99905
17:44.6,548.841,17:44.6,245.026,17:44.6,1.99857
17:44.7,549.136,17:44.7,244.586,17:44.7,1.99853
17:44.8,549.37,17:44.8,243.955,17:44.8,1.99837
17:44.9,549.668,17:44.9,243.573,17:44.9,1.99898
17:45.0,549.942,17:45.0,243.002,17:45.0,1.99946
17:45.1,550.307,17:45.1,242.4,17:45.1,1.99885
17:45.2,550.424,17:45.2,241.861,17:45.2,1.99962
17:45.3,550.742,17:45.3,241.481,17:45.3,1.9991
17:45.4,550.963,17:45.4,240.955,17:45.4,1.99952
17:45.5,551.177,17:45.5,240.511,17:45.5,1.99912
17:45.6,551.522,17:45.6,239.895,17:45.6,1.99935
17:45.7,551.667,17:45.7,239.505,17:45.7,1.99919
17:45.8,551.962,17:45.8,238.946,17:45.8,1.99945
17:45.9,552.289,17:45.9,238.472,17:45.9,1.99972
17:46.0,552.529,17:46.0,237.816,17:46.0,2
17:46.1,552.764,17:46.1,237.589,17:46.1,1.99981
17:46.2,553.203,17:46.2,236.904,17:46.2,2.00012
17:46.3,553.305,17:46.3,236.398,17:46.3,2.00042
17:46.4,553.541,17:46.4,236.081,17:46.4,2.00003
17:46.5,553.808,17:46.5,235.416,17:46.5,2.00015
17:46.6,554.138,17:46.6,235.128,17:46.6,2.00009
17:46.7,554.361,17:46.7,234.718,17:46.7,2.00088
17:46.8,554.586,17:46.8,233.852,17:46.8,2.00052
17:46.9,554.764,17:46.9,233.431,17:46.9,2.00081
17:47.0,555.16,17:47.0,232.95,17:47.0,2.00046
17:47.1,555.321,17:47.1,232.557,17:47.1,2.00063
17:47.2,555.657,17:47.2,232.231,17:47.2,2.00086
17:47.3,555.8,17:47.3,231.675,17:47.3,2.00072
17:47.4,556.025,17:47.4,231.123,17:47.4,2.00147
17:47.5,556.354,17:47.5,230.691,17:47.5,2.00112
17:47.6,556.48,17:47.6,230.193,17:47.6,2.00105
17:47.7,556.759,17:47.7,229.633,17:47.7,2.00148
17:47.8,557.036,17:47.8,229.244,17:47.8,2.0011
17:47.9,557.296,17:47.9,228.717,17:47.9,2.00168
17:48.0,557.401,17:48.0,228.209,17:48.0,2.00153
17:48.1,557.702,17:48.1,227.771,17:48.1,2.00116
17:48.2,557.883,17:48.2,227.281,17:48.2,2.00167
17:48.3,558.115,17:48.3,226.898,17:48.3,2.00224
17:48.4,558.329,17:48.4,226.298,17:48.4,2.00212
17:48.5,558.639,17:48.5,225.945,17:48.5,2.00248
17:48.6,558.921,17:48.6,225.533,17:48.6,2.00196
17:48.7,559.195,17:48.7,225.01,17:48.7,2.00237
17:48.8,559.39,17:48.8,224.611,17:48.8,2.00243
17:48.9,559.655,17:48.9,224.141,17:48.9,2.00202
17:49.0,559.82,17:49.0,223.617,17:49.0,2.00242
17:49.1,560.024,17:49.1,223.132,17:49.1,2.0023
17:49.2,560.293,17:49.2,222.736,17:49.2,2.00232
17:49.3,560.581,17:49.3,222.288,17:49.3,2.00287
17:49.4,560.715,17:49.4,221.833,17:49.4,2.00244
17:49.5,560.931,17:49.5,221.422,17:49.5,2.00322
17:49.6,561.185,17:49.6,221.017,17:49.6,2.00319
17:49.7,561.422,17:49.7,220.484,17:49.7,2.0028
17:49.8,561.707,17:49.8,220.285,17:49.8,2.00291
17:49.9,561.841,17:49.9,219.553,17:49.9,2.00325
17:50.0,561.893,17:50.0,219.057,17:50.0,2.00312
17:50.1,562.282,17:50.1,218.683,17:50.1,2.00314
17:50.2,562.52,17:50.2,218.444,17:50.2,2.00335
17:50.3,562.721,17:50.3,217.921,17:50.3,2.00336
17:50.4,562.913,17:50.4,217.511,17:50.4,2.00337
17:50.5,563.153,17:50.5,216.983,17:50.5,2.00353
17:50.6,563.341,17:50.6,216.534,17:50.6,2.00338
17:50.7,563.533,17:50.7,216.201,17:50.7,2.00336
17:50.8,563.819,17:50.8,215.793,17:50.8,2.00357
17:50.9,564.077,17:50.9,215.363,17:50.9,2.00344
17:51.0,564.226,17:51.0,214.828,17:51.0,2.00377
17:51.1,564.353,17:51.1,214.493,17:51.1,2.00354
17:51.2,564.633,17:51.2,214.054,17:51.2,2.00382
17:51.3,564.969,17:51.3,213.203,17:51.3,2.00363
17:51.4,565.102,17:51.4,212.762,17:51.4,2.00435
17:51.5,565.397,17:51.5,212.344,17:51.5,2.00425
17:51.6,565.683,17:51.6,211.898,17:51.6,2.00462
17:51.7,565.836,17:51.7,211.51,17:51.7,2.005
17:51.8,566.116,17:51.8,211.175,17:51.8,2.00452
17:51.9,566.324,17:51.9,210.614,17:51.9,2.00458
17:52.0,566.422,17:52.0,210.173,17:52.0,2.00449
17:52.1,566.761,17:52.1,209.588,17:52.1,2.004
17:52.2,566.881,17:52.2,209.334,17:52.2,2.00428
17:52.3,567.175,17:52.3,208.832,17:52.3,2.00428
17:52.4,567.522,17:52.4,208.529,17:52.4,2.00493
17:52.5,567.595,17:52.5,207.752,17:52.5,2.00495
17:52.6,567.799,17:52.6,207.568,17:52.6,2.00456
17:52.7,568.016,17:52.7,207.013,17:52.7,2.00497
17:52.8,568.236,17:52.8,206.548,17:52.8,2.00515
17:52.9,568.473,17:52.9,206.12,17:52.9,2.00509
17:53.0,568.769,17:53.0,205.62,17:53.0,2.00514
17:53.1,568.943,17:53.1,205.107,17:53.1,2.00558
17:53.2,569.194,17:53.2,204.566,17:53.2,2.00508
17:53.3,569.379,17:53.3,204.413,17:53.3,2.00592
17:53.4,569.608,17:53.4,203.89,17:53.4,2.00546
17:53.5,569.863,17:53.5,203.462,17:53.5,2.00583
17:53.6,569.982,17:53.6,202.96,17:53.6,2.00612
17:53.7,570.166,17:53.7,202.586,17:53.7,2.00582
17:53.8,570.311,17:53.8,202.093,17:53.8,2.0059
17:53.9,570.632,17:53.9,201.562,17:53.9,2.00651
17:54.0,570.817,17:54.0,201.151,17:54.0,2.00615
17:54.1,571.139,17:54.1,200.786,17:54.1,2.00634
17:54.2,571.242,17:54.2,200.351,17:54.2,2.00597
17:54.3,571.584,17:54.3,199.914,17:54.3,2.00642
17:54.4,571.655,17:54.4,199.443,17:54.4,2.00676
17:54.5,571.867,17:54.5,199.064,17:54.5,2.00655
17:54.6,572.062,17:54.6,198.565,17:54.6,2.00675
17:54.7,572.321,17:54.7,198.08,17:54.7,2.00708
17:54.8,572.475,17:54.8,197.787,17:54.8,2.00682
17:54.9,572.653,17:54.9,197.316,17:54.9,2.00731
17:55.0,572.89,17:55.0,197.021,17:55.0,2.00723
17:55.1,573.023,17:55.1,196.387,17:55.1,2.00699
17:55.2,573.221,17:55.2,196.039,17:55.2,2.00789
17:55.3,573.538,17:55.3,195.818,17:55.3,2.0071
17:55.4,573.762,17:55.4,195.348,17:55.4,2.00768
17:55.5,573.9,17:55.5,194.718,17:55.5,2.00765
17:55.6,574.036,17:55.6,194.406,17:55.6,2.00773
17:55.7,574.173,17:55.7,194.079,17:55.7,2.00727
17:55.8,574.447,17:55.8,193.698,17:55.8,2.00793
17:55.9,574.7,17:55.9,193.184,17:55.9,2.00798
17:56.0,574.783,17:56.0,192.866,17:56.0,2.00812
17:56.1,574.955,17:56.1,192.474,17:56.1,2.00819
17:56.2,575.268,17:56.2,192.184,17:56.2,2.00775
17:56.3,575.386,17:56.3,191.647,17:56.3,2.00795
17:56.4,575.685,17:56.4,191.186,17:56.4,2.0086
17:56.5,575.667,17:56.5,190.852,17:56.5,2.00848
17:56.6,575.954,17:56.6,190.425,17:56.6,2.0087
17:56.7,576.121,17:56.7,190.091,17:56.7,2.00855
17:56.8,576.372,17:56.8,189.631,17:56.8,2.00835
17:56.9,576.425,17:56.9,189.052,17:56.9,2.00864
17:57.0,576.716,17:57.0,188.873,17:57.0,2.00844
17:57.1,576.888,17:57.1,188.242,17:57.1,2.00845
17:57.2,577.057,17:57.2,187.988,17:57.2,2.0087
17:57.3,577.161,17:57.3,187.594,17:57.3,2.00911
17:57.4,577.336,17:57.4,187.269,17:57.4,2.00889
17:57.5,577.622,17:57.5,186.702,17:57.5,2.0089
17:57.6,577.738,17:57.6,186.277,17:57.6,2.00903
17:57.7,577.932,17:57.7,185.9,17:57.7,2.00933
17:57.8,578.115,17:57.8,185.268,17:57.8,2.00928
17:57.9,578.316,17:57.9,185.024,17:57.9,2.00893
17:58.0,578.53,17:58.0,184.515,17:58.0,2.00917
17:58.1,578.66,17:58.1,184.143,17:58.1,2.00972
17:58.2,578.852,17:58.2,183.738,17:58.2,2.00995
17:58.3,579.124,17:58.3,183.298,17:58.3,2.01014
17:58.4,579.263,17:58.4,182.807,17:58.4,2.00984
17:58.5,579.423,17:58.5,182.601,17:58.5,2.01016
17:58.6,579.595,17:58.6,182.062,17:58.6,2.01027
17:58.7,579.721,17:58.7,181.807,17:58.7,2.01038
17:58.8,579.952,17:58.8,181.367,17:58.8,2.01025
17:58.9,580.16,17:58.9,180.965,17:58.9,2.01033
17:59.0,580.273,17:59.0,180.591,17:59.0,2.01034
17:59.1,580.433,17:59.1,179.904,17:59.1,2.01034
17:59.2,580.598,17:59.2,179.734,17:59.2,2.01051
17:59.3,580.794,17:59.3,179.297,17:59.3,2.01075
17:59.4,581.076,17:59.4,178.805,17:59.4,2.01055
17:59.5,581.141,17:59.5,178.446,17:59.5,2.01088
17:59.6,581.368,17:59.6,177.892,17:59.6,2.01098
17:59.7,581.545,17:59.7,177.489,17:59.7,2.01116
17:59.8,581.749,17:59.8,177.127,17:59.8,2.01148
17:59.9,581.937,17:59.9,176.656,17:59.9,2.01097
18:00.0,582.118,18:00.0,176.38,18:00.0,2.0114
18:00.1,582.233,18:00.1,175.977,18:00.1,2.01142
18:00.2,582.408,18:00.2,175.437,18:00.2,2.01092
18:00.3,582.602,18:00.3,174.999,18:00.3,2.01177
18:00.4,582.785,18:00.4,174.781,18:00.4,2.01217
18:00.5,582.963,18:00.5,174.166,18:00.5,2.011
18:00.6,583.074,18:00.6,173.733,18:00.6,2.01184
18:00.7,583.29,18:00.7,173.337,18:00.7,2.01197
18:00.8,583.455,18:00.8,172.972,18:00.8,2.01182
18:00.9,583.557,18:00.9,172.634,18:00.9,2.0118
18:01.0,583.835,18:01.0,172.141,18:01.0,2.01193
18:01.1,583.909,18:01.1,171.432,18:01.1,2.01234
18:01.2,584.106,18:01.2,170.891,18:01.2,2.01275
18:01.3,584.293,18:01.3,170.5,18:01.3,2.01219
18:01.4,584.402,18:01.4,170.033,18:01.4,2.01286
18:01.5,584.689,18:01.5,169.558,18:01.5,2.01289
18:01.6,584.875,18:01.6,168.936,18:01.6,2.01277
18:01.7,584.907,18:01.7,168.736,18:01.7,2.01307
18:01.8,585.075,18:01.8,168.175,18:01.8,2.01317
18:01.9,585.201,18:01.9,167.636,18:01.9,2.0127
18:02.0,585.418,18:02.0,167.068,18:02.0,2.01321
18:02.1,585.537,18:02.1,166.812,18:02.1,2.01326
18:02.2,585.767,18:02.2,166.217,18:02.2,2.01342
18:02.3,585.76,18:02.3,165.885,18:02.3,2.01356
18:02.4,586.08,18:02.4,165.199,18:02.4,2.01369
18:02.5,586.038,18:02.5,165.113,18:02.5,2.01429
18:02.6,586.199,18:02.6,164.513,18:02.6,2.01411
18:02.7,586.262,18:02.7,164.087,18:02.7,2.01419
18:02.8,586.496,18:02.8,163.783,18:02.8,2.01438
18:02.9,586.564,18:02.9,163.125,18:02.9,2.01478
18:03.0,586.662,18:03.0,162.795,18:03.0,2.01426
18:03.1,586.859,18:03.1,162.142,18:03.1,2.01448
18:03.2,586.842,18:03.2,161.434,18:03.2,2.01451
18:03.3,587.036,18:03.3,161.207,18:03.3,2.01434
18:03.4,587.09,18:03.4,160.59,18:03.4,2.01478
18:03.5,587.17,18:03.5,160.291,18:03.5,2.01489
18:03.6,587.269,18:03.6,159.68,18:03.6,2.01542
18:03.7,587.361,18:03.7,159.127,18:03.7,2.01544
18:03.8,587.41,18:03.8,158.593,18:03.8,2.01535
18:03.9,587.432,18:03.9,158.23,18:03.9,2.01593
18:04.0,587.49,18:04.0,157.588,18:04.0,2.01581
18:04.1,587.54,18:04.1,157.026,18:04.1,2.01616
18:04.2,587.587,18:04.2,156.839,18:04.2,2.01639
18:04.3,587.648,18:04.3,156.225,18:04.3,2.01606
18:04.4,587.591,18:04.4,155.733,18:04.4,2.0161
18:04.5,587.534,18:04.5,155.227,18:04.5,2.01643
18:04.6,587.373,18:04.6,154.714,18:04.6,2.01626
18:04.7,587.388,18:04.7,154.283,18:04.7,2.01692
18:04.8,587.344,18:04.8,153.702,18:04.8,2.01672
18:04.9,587.273,18:04.9,153.31,18:04.9,2.01695
18:05.0,571.752,18:05.0,153.257,18:05.0,2.02114
18:05.1,571.598,18:05.1,152.972,18:05.1,2.02137
18:05.2,571.556,18:05.2,152.443,18:05.2,2.0214
18:05.3,571.526,18:05.3,152.014,18:05.3,2.02129
18:05.4,571.151,18:05.4,151.414,18:05.4,2.02159
18:05.5,570.987,18:05.5,151,18:05.5,2.0216
18:05.6,571.041,18:05.6,150.559,18:05.6,2.02127
18:05.7,571.115,18:05.7,150.045,18:05.7,2.02165
18:05.8,571.048,18:05.8,149.732,18:05.8,2.02194
18:05.9,570.954,18:05.9,149.264,18:05.9,2.02247
18:06.0,571.268,18:06.0,148.77,18:06.0,2.02257
18:06.1,571.255,18:06.1,148.354,18:06.1,2.02234
18:06.2,571.478,18:06.2,148.004,18:06.2,2.02237
18:06.3,571.554,18:06.3,147.563,18:06.3,2.02257
18:06.4,571.705,18:06.4,147.086,18:06.4,2.02332
18:06.5,571.814,18:06.5,146.638,18:06.5,2.02308
18:06.6,571.914,18:06.6,146.321,18:06.6,2.02341
18:06.7,572.278,18:06.7,145.869,18:06.7,2.02298
18:06.8,572.391,18:06.8,145.279,18:06.8,2.02333
18:06.9,572.509,18:06.9,144.895,18:06.9,2.02326
18:07.0,572.766,18:07.0,144.488,18:07.0,2.02356
18:07.1,572.955,18:07.1,144.302,18:07.1,2.02331
18:07.2,573.052,18:07.2,143.635,18:07.2,2.02368
18:07.3,573.239,18:07.3,143.306,18:07.3,2.02369
18:07.4,573.519,18:07.4,142.922,18:07.4,2.02335
18:07.5,573.688,18:07.5,142.403,18:07.5,2.02404
18:07.6,573.783,18:07.6,142.02,18:07.6,2.02348
18:07.7,574.034,18:07.7,141.579,18:07.7,2.0243
18:07.8,574.184,18:07.8,141.161,18:07.8,2.02416
18:07.9,574.2,18:07.9,140.613,18:07.9,2.02458
18:08.0,574.395,18:08.0,140.112,18:08.0,2.02416
18:08.1,574.471,18:08.1,139.777,18:08.1,2.02444
18:08.2,574.577,18:08.2,139.302,18:08.2,2.0248
18:08.3,559.591,18:08.3,139.211,18:08.3,2.02861
18:08.4,559.356,18:08.4,138.856,18:08.4,2.02882
18:08.5,559.349,18:08.5,138.414,18:08.5,2.02869
18:08.6,559.204,18:08.6,137.949,18:08.6,2.02878
18:08.7,559.24,18:08.7,137.527,18:08.7,2.02889
18:08.8,559.216,18:08.8,137.16,18:08.8,2.02872
18:08.9,559.324,18:08.9,136.718,18:08.9,2.02948
18:09.0,559.32,18:09.0,136.352,18:09.0,2.02937
18:09.1,559.27,18:09.1,135.799,18:09.1,2.02961
18:09.2,559.326,18:09.2,135.649,18:09.2,2.02931
18:09.3,559.35,18:09.3,135.002,18:09.3,2.0296
18:09.4,559.482,18:09.4,134.447,18:09.4,2.02976
18:09.5,559.605,18:09.5,134.19,18:09.5,2.03006
18:09.6,559.708,18:09.6,133.816,18:09.6,2.03015
18:09.7,559.732,18:09.7,133.458,18:09.7,2.03068
18:09.8,559.909,18:09.8,133.206,18:09.8,2.03042
18:09.9,560.03,18:09.9,132.558,18:09.9,2.03001
18:10.0,560.142,18:10.0,132.221,18:10.0,2.03089
18:10.1,560.254,18:10.1,131.779,18:10.1,2.03083
18:10.2,560.376,18:10.2,131.526,18:10.2,2.03045
18:10.3,559.825,18:10.3,130.989,18:10.3,2.03105
18:10.4,534.943,18:10.4,131.02,18:10.4,2.03764
18:10.5,534.819,18:10.5,130.55,18:10.5,2.03775
18:10.6,534.8,18:10.6,130.034,18:10.6,2.03819
18:10.7,534.81,18:10.7,129.766,18:10.7,2.03753
18:10.8,534.734,18:10.8,129.356,18:10.8,2.03816
18:10.9,534.862,18:10.9,128.972,18:10.9,2.03804
18:11.0,534.741,18:11.0,128.595,18:11.0,2.03785
18:11.1,534.804,18:11.1,128.143,18:11.1,2.03823
18:11.2,534.896,18:11.2,127.805,18:11.2,2.03843
18:11.3,535.077,18:11.3,127.326,18:11.3,2.03826
18:11.4,535.263,18:11.4,126.884,18:11.4,2.03853
18:11.5,535.256,18:11.5,126.624,18:11.5,2.03856
18:11.6,535.391,18:11.6,126.216,18:11.6,2.03874
18:11.7,535.556,18:11.7,125.7,18:11.7,2.0387
18:11.8,535.686,18:11.8,125.443,18:11.8,2.03927
18:11.9,535.911,18:11.9,124.822,18:11.9,2.03967
18:12.0,536.149,18:12.0,124.735,18:12.0,2.03948
18:12.1,536.249,18:12.1,124.063,18:12.1,2.03951
18:12.2,536.261,18:12.2,123.718,18:12.2,2.03965
18:12.3,536.382,18:12.3,123.333,18:12.3,2.03971
18:12.4,536.545,18:12.4,122.783,18:12.4,2.03971
18:12.5,536.682,18:12.5,122.719,18:12.5,2.03977
18:12.6,536.877,18:12.6,122.092,18:12.6,2.03982
18:12.7,536.895,18:12.7,121.733,18:12.7,2.03932
18:12.8,537.051,18:12.8,121.223,18:12.8,2.04057
18:12.9,537.193,18:12.9,120.74,18:12.9,2.0408
18:13.0,537.164,18:13.0,120.436,18:13.0,2.04118
18:13.1,537.375,18:13.1,120.27,18:13.1,2.04061
18:13.2,537.406,18:13.2,119.698,18:13.2,2.0406
18:13.3,537.396,18:13.3,119.531,18:13.3,2.04052
18:13.4,537.611,18:13.4,119.287,18:13.4,2.04061
18:13.5,484.002,18:13.5,119.905,18:13.5,2.0577
18:13.6,486,18:13.6,119.322,18:13.6,2.05772
18:13.7,485.931,18:13.7,118.899,18:13.7,2.0575
18:13.8,485.736,18:13.8,118.359,18:13.8,2.05764
18:13.9,485.749,18:13.9,118.194,18:13.9,2.05801
18:14.0,485.829,18:14.0,117.661,18:14.0,2.05841
18:14.1,485.759,18:14.1,117.383,18:14.1,2.05789
18:14.2,485.811,18:14.2,116.999,18:14.2,2.05834
18:14.3,485.913,18:14.3,116.555,18:14.3,2.05763
18:14.4,485.927,18:14.4,116.491,18:14.4,2.05859
18:14.5,486.066,18:14.5,115.954,18:14.5,2.05832
18:14.6,486.206,18:14.6,115.539,18:14.6,2.05839
18:14.7,486.185,18:14.7,115.116,18:14.7,2.05855
18:14.8,486.378,18:14.8,114.809,18:14.8,2.0577
18:14.9,486.453,18:14.9,114.538,18:14.9,2.05816
18:15.0,486.535,18:15.0,114.259,18:15.0,2.05851
18:15.1,486.773,18:15.1,113.783,18:15.1,2.05827
18:15.2,486.906,18:15.2,113.454,18:15.2,2.05894
18:15.3,486.937,18:15.3,113.095,18:15.3,2.05906
18:15.4,487.103,18:15.4,112.715,18:15.4,2.05863
18:15.5,487.099,18:15.5,112.49,18:15.5,2.05929
18:15.6,487.199,18:15.6,111.924,18:15.6,2.05929
18:15.7,484.638,18:15.7,111.752,18:15.7,2.05965
18:15.8,484.453,18:15.8,111.54,18:15.8,2.0596
18:15.9,484.333,18:15.9,111.177,18:15.9,2.06007
18:16.0,484.39,18:16.0,110.84,18:16.0,2.06043
18:16.1,484.288,18:16.1,110.294,18:16.1,2.06067
18:16.2,484.266,18:16.2,110.043,18:16.2,2.06068
18:16.3,484.317,18:16.3,109.719,18:16.3,2.06064
18:16.4,484.299,18:16.4,109.308,18:16.4,2.06101
18:16.5,484.216,18:16.5,109.206,18:16.5,2.06063
18:16.6,484.419,18:16.6,108.666,18:16.6,2.06077
18:16.7,484.341,18:16.7,108.377,18:16.7,2.06114
18:16.8,484.453,18:16.8,108.123,18:16.8,2.0615
18:16.9,484.505,18:16.9,107.69,18:16.9,2.06141
18:17.0,484.737,18:17.0,107.491,18:17.0,2.06136
18:17.1,484.744,18:17.1,107.164,18:17.1,2.06169
18:17.2,484.766,18:17.2,106.759,18:17.2,2.06153
18:17.3,484.935,18:17.3,106.397,18:17.3,2.06141
18:17.4,485.124,18:17.4,106.097,18:17.4,2.06172
18:17.5,485.196,18:17.5,105.907,18:17.5,2.06147
18:17.6,485.117,18:17.6,105.485,18:17.6,2.06183
18:17.7,485.202,18:17.7,105.204,18:17.7,2.0624
18:17.8,485.335,18:17.8,104.714,18:17.8,2.06211
18:17.9,485.337,18:17.9,104.541,18:17.9,2.06252
18:18.0,485.426,18:18.0,104.258,18:18.0,2.0622
18:18.1,485.504,18:18.1,103.839,18:18.1,2.06204
18:18.2,485.588,18:18.2,103.46,18:18.2,2.06231
18:18.3,485.656,18:18.3,103.172,18:18.3,2.06274
18:18.4,485.645,18:18.4,103.041,18:18.4,2.06301
18:18.5,485.741,18:18.5,102.793,18:18.5,2.06311
18:18.6,485.758,18:18.6,102.155,18:18.6,2.06294
18:18.7,485.903,18:18.7,101.831,18:18.7,2.06326
18:18.8,485.899,18:18.8,101.71,18:18.8,2.06303
18:18.9,485.964,18:18.9,101.366,18:18.9,2.06336
18:19.0,485.987,18:19.0,100.879,18:19.0,2.0634
18:19.1,486.058,18:19.1,100.732,18:19.1,2.06351
18:19.2,486.026,18:19.2,100.415,18:19.2,2.0629
18:19.3,486.057,18:19.3,100.199,18:19.3,2.06352
18:19.4,486.113,18:19.4,99.8828,18:19.4,2.06374
18:19.5,486.083,18:19.5,99.5474,18:19.5,2.06388
18:19.6,486.17,18:19.6,99.3266,18:19.6,2.06394
18:19.7,486.193,18:19.7,98.907,18:19.7,2.06434
18:19.8,486.094,18:19.8,98.4656,18:19.8,2.06429
18:19.9,486.019,18:19.9,98.3837,18:19.9,2.06461
18:20.0,486.089,18:20.0,98.011,18:20.0,2.06495
18:20.1,485.957,18:20.1,97.7803,18:20.1,2.06467
18:20.2,485.996,18:20.2,97.488,18:20.2,2.06455
18:20.3,485.864,18:20.3,97.2427,18:20.3,2.06528
18:20.4,485.867,18:20.4,96.8719,18:20.4,2.06499
18:20.5,485.908,18:20.5,96.494,18:20.5,2.06536
18:20.6,485.849,18:20.6,96.4223,18:20.6,2.0655
18:20.7,485.859,18:20.7,96.0389,18:20.7,2.06561
18:20.8,485.834,18:20.8,95.4725,18:20.8,2.06514
18:20.9,485.786,18:20.9,95.3251,18:20.9,2.06565
18:21.0,485.82,18:21.0,95.2285,18:21.0,2.0657
18:21.1,485.709,18:21.1,94.8511,18:21.1,2.06591
18:21.2,485.505,18:21.2,94.6616,18:21.2,2.06609
18:21.3,404.98,18:21.3,96.1487,18:21.3,2.09343
18:21.4,405.389,18:21.4,95.7304,18:21.4,2.09354
18:21.5,405.18,18:21.5,95.1524,18:21.5,2.09376
18:21.6,405.174,18:21.6,95.0814,18:21.6,2.09399
18:21.7,405.009,18:21.7,94.7622,18:21.7,2.0935
18:21.8,404.914,18:21.8,94.4075,18:21.8,2.0934
18:21.9,404.797,18:21.9,93.9798,18:21.9,2.09366
18:22.0,404.521,18:22.0,95.2374,18:22.0,2.09395
18:22.1,404.252,18:22.1,95.6755,18:22.1,2.09398
18:22.2,404.148,18:22.2,95.9557,18:22.2,2.09455
18:22.3,403.917,18:22.3,95.9026,18:22.3,2.0938
18:22.4,403.82,18:22.4,96.0984,18:22.4,2.09424
18:22.5,403.72,18:22.5,96.2401,18:22.5,2.094
18:22.6,403.653,18:22.6,96.3379,18:22.6,2.09418
18:22.7,403.419,18:22.7,96.3189,18:22.7,2.09451
18:22.8,403.404,18:22.8,96.5358,18:22.8,2.09418
18:22.9,403.317,18:22.9,96.6063,18:22.9,2.09428
18:23.0,403.258,18:23.0,96.6156,18:23.0,2.09443
18:23.1,403.202,18:23.1,96.6938,18:23.1,2.09422
18:23.2,403.082,18:23.2,96.5845,18:23.2,2.09485
18:23.3,402.991,18:23.3,96.8063,18:23.3,2.09423
18:23.4,402.931,18:23.4,96.7509,18:23.4,2.09444
18:23.5,402.763,18:23.5,96.8113,18:23.5,2.09377
18:23.6,402.758,18:23.6,96.8995,18:23.6,2.09436
18:23.7,402.706,18:23.7,97.0113,18:23.7,2.09437
18:23.8,402.576,18:23.8,97.0292,18:23.8,2.09434
18:23.9,402.575,18:23.9,97.1333,18:23.9,2.0941
18:24.0,402.515,18:24.0,97.1636,18:24.0,2.09444
18:24.1,402.388,18:24.1,97.0723,18:24.1,2.09446
18:24.2,402.36,18:24.2,97.2418,18:24.2,2.09414
18:24.3,402.374,18:24.3,97.3789,18:24.3,2.09484
18:24.4,402.28,18:24.4,97.4193,18:24.4,2.09463
18:24.5,402.264,18:24.5,97.2669,18:24.5,2.09481
18:24.6,402.083,18:24.6,97.4548,18:24.6,2.09451
18:24.7,402.036,18:24.7,97.3522,18:24.7,2.09427
18:24.8,401.961,18:24.8,97.4282,18:24.8,2.0945
18:24.9,401.963,18:24.9,97.3685,18:24.9,2.09393
18:25.0,401.927,18:25.0,97.6184,18:25.0,2.09462
18:25.1,401.81,18:25.1,97.6933,18:25.1,2.09434
18:25.2,401.778,18:25.2,97.5456,18:25.2,2.09473
18:25.3,401.732,18:25.3,97.698,18:25.3,2.0945
18:25.4,401.77,18:25.4,97.701,18:25.4,2.09425
18:25.5,401.604,18:25.5,97.6042,18:25.5,2.09433
18:25.6,401.686,18:25.6,97.4403,18:25.6,2.09462
18:25.7,401.573,18:25.7,97.8176,18:25.7,2.09442
18:25.8,401.542,18:25.8,97.7957,18:25.8,2.09431
18:25.9,401.513,18:25.9,97.7748,18:25.9,2.09441
18:26.0,401.441,18:26.0,97.8045,18:26.0,2.09443
18:26.1,401.409,18:26.1,97.8892,18:26.1,2.09466
18:26.2,401.354,18:26.2,97.8221,18:26.2,2.09448
18:26.3,401.365,18:26.3,97.9196,18:26.3,2.09478
18:26.4,401.383,18:26.4,97.9305,18:26.4,2.09451
18:26.5,401.336,18:26.5,97.9699,18:26.5,2.09441
18:26.6,401.267,18:26.6,98.1165,18:26.6,2.09477
18:26.7,401.365,18:26.7,98.1458,18:26.7,2.0941
18:26.8,401.25,18:26.8,97.9337,18:26.8,2.09483
18:26.9,401.186,18:26.9,98.0242,18:26.9,2.09476
18:27.0,401.162,18:27.0,97.8266,18:27.0,2.09467
18:27.1,401.068,18:27.1,98.149,18:27.1,2.09479
18:27.2,401.039,18:27.2,98.0669,18:27.2,2.09465
18:27.3,400.94,18:27.3,98.127,18:27.3,2.09462
18:27.4,400.949,18:27.4,98.0245,18:27.4,2.09466
18:27.5,400.956,18:27.5,98.1913,18:27.5,2.09415
18:27.6,401.003,18:27.6,98.0797,18:27.6,2.09517
18:27.7,400.964,18:27.7,98.3385,18:27.7,2.09447
18:27.8,400.996,18:27.8,98.3218,18:27.8,2.09456
18:27.9,400.856,18:27.9,98.252,18:27.9,2.095
18:28.0,400.876,18:28.0,98.4112,18:28.0,2.09483
18:28.1,400.779,18:28.1,98.437,18:28.1,2.09518
18:28.2,400.846,18:28.2,98.1942,18:28.2,2.09498
18:28.3,400.777,18:28.3,98.232,18:28.3,2.09479
18:28.4,400.661,18:28.4,98.4607,18:28.4,2.09492
18:28.5,400.701,18:28.5,98.4186,18:28.5,2.09468
18:28.6,400.676,18:28.6,98.5118,18:28.6,2.0948
18:28.7,400.697,18:28.7,98.3142,18:28.7,2.09475
18:28.8,400.546,18:28.8,98.3326,18:28.8,2.09497
18:28.9,400.593,18:28.9,98.4352,18:28.9,2.09457
18:29.0,400.661,18:29.0,98.542,18:29.0,2.09546
18:29.1,400.543,18:29.1,98.4693,18:29.1,2.09567
18:29.2,400.544,18:29.2,98.6025,18:29.2,2.09572
18:29.3,400.501,18:29.3,98.4991,18:29.3,2.09579
18:29.4,400.481,18:29.4,98.6143,18:29.4,2.09516
18:29.5,400.387,18:29.5,98.5441,18:29.5,2.09567
18:29.6,400.405,18:29.6,98.542,18:29.6,2.09548
18:29.7,400.284,18:29.7,98.5618,18:29.7,2.0957
18:29.8,400.782,18:29.8,98.1146,18:29.8,2.09579
18:29.9,397.739,18:29.9,102.346,18:29.9,2.09609
18:30.0,394.772,18:30.0,101.495,18:30.0,2.09668
18:30.1,394.449,18:30.1,101.235,18:30.1,2.09688
18:30.2,394.422,18:30.2,100.909,18:30.2,2.09662
18:30.3,394.364,18:30.3,101.396,18:30.3,2.09517
18:30.4,393.183,18:30.4,102.514,18:30.4,2.09442
18:30.5,392.55,18:30.5,102.821,18:30.5,2.09512
18:30.6,392.078,18:30.6,102.965,18:30.6,2.09919
18:30.7,391.417,18:30.7,104.235,18:30.7,2.09925
18:30.8,390.353,18:30.8,104.812,18:30.8,2.09877
18:30.9,389.666,18:30.9,105.253,18:30.9,2.09738
18:31.0,389.237,18:31.0,105.342,18:31.0,2.09665
18:31.1,388.063,18:31.1,107.197,18:31.1,2.09709
18:31.2,387.422,18:31.2,107.691,18:31.2,2.09723
18:31.3,387.07,18:31.3,107.812,18:31.3,2.09689
18:31.4,386.893,18:31.4,107.83,18:31.4,2.09763
18:31.5,386.832,18:31.5,107.534,18:31.5,2.09673
18:31.6,387.019,18:31.6,107.207,18:31.6,2.09721
18:31.7,387.239,18:31.7,107.357,18:31.7,2.09709
18:31.8,387.198,18:31.8,107.184,18:31.8,2.09744
18:31.9,387.274,18:31.9,107.107,18:31.9,2.09707
18:32.0,387.272,18:32.0,107.043,18:32.0,2.09689
18:32.1,387.446,18:32.1,107.143,18:32.1,2.09705
18:32.2,387.391,18:32.2,107.135,18:32.2,2.09738
18:32.3,387.372,18:32.3,107.025,18:32.3,2.09668
18:32.4,387.506,18:32.4,107.175,18:32.4,2.09726
18:32.5,387.556,18:32.5,106.982,18:32.5,2.09682
18:32.6,387.525,18:32.6,107.047,18:32.6,2.09677
18:32.7,387.578,18:32.7,106.915,18:32.7,2.09701
18:32.8,387.602,18:32.8,107.06,18:32.8,2.09696
18:32.9,387.642,18:32.9,106.81,18:32.9,2.09684
18:33.0,387.65,18:33.0,106.745,18:33.0,2.09718
18:33.1,387.707,18:33.1,106.84,18:33.1,2.09749
18:33.2,387.637,18:33.2,106.81,18:33.2,2.09644
18:33.3,387.614,18:33.3,106.888,18:33.3,2.09697
18:33.4,387.753,18:33.4,106.826,18:33.4,2.09705
18:33.5,387.663,18:33.5,106.798,18:33.5,2.09682
18:33.6,387.714,18:33.6,106.789,18:33.6,2.09686
18:33.7,387.716,18:33.7,106.75,18:33.7,2.09696
18:33.8,387.706,18:33.8,106.843,18:33.8,2.09694
18:33.9,387.773,18:33.9,106.964,18:33.9,2.09675
18:34.0,387.695,18:34.0,106.863,18:34.0,2.0968
18:34.1,387.823,18:34.1,106.927,18:34.1,2.09744
18:34.2,387.815,18:34.2,106.912,18:34.2,2.09665
18:34.3,387.768,18:34.3,106.814,18:34.3,2.09696
18:34.4,387.727,18:34.4,106.818,18:34.4,2.09699
18:34.5,387.79,18:34.5,106.886,18:34.5,2.09698
18:34.6,387.759,18:34.6,106.918,18:34.6,2.09745
18:34.7,387.842,18:34.7,106.77,18:34.7,2.09715
18:34.8,387.926,18:34.8,106.791,18:34.8,2.09688
18:34.9,387.876,18:34.9,106.766,18:34.9,2.09728
18:35.0,387.903,18:35.0,106.928,18:35.0,2.09703
18:35.1,387.902,18:35.1,106.666,18:35.1,2.09672
18:35.2,387.869,18:35.2,106.594,18:35.2,2.09688
18:35.3,387.826,18:35.3,106.665,18:35.3,2.09655
18:35.4,387.795,18:35.4,106.864,18:35.4,2.09677
18:35.5,387.792,18:35.5,106.782,18:35.5,2.09676
18:35.6,387.945,18:35.6,106.862,18:35.6,2.09641
18:35.7,387.875,18:35.7,106.871,18:35.7,2.09662
18:35.8,387.856,18:35.8,106.948,18:35.8,2.09722
18:35.9,387.937,18:35.9,106.823,18:35.9,2.09682
18:36.0,387.947,18:36.0,106.755,18:36.0,2.09704
18:36.1,388,18:36.1,106.688,18:36.1,2.097
18:36.2,387.872,18:36.2,106.977,18:36.2,2.09673
18:36.3,387.867,18:36.3,106.826,18:36.3,2.09689
18:36.4,387.933,18:36.4,106.746,18:36.4,2.09716
18:36.5,387.838,18:36.5,106.792,18:36.5,2.09678
18:36.6,387.818,18:36.6,106.918,18:36.6,2.09714
18:36.7,387.94,18:36.7,107.042,18:36.7,2.09742
18:36.8,387.943,18:36.8,106.807,18:36.8,2.0972
18:36.9,387.978,18:36.9,106.844,18:36.9,2.09657
18:37.0,387.927,18:37.0,106.83,18:37.0,2.0974
18:37.1,387.958,18:37.1,106.904,18:37.1,2.09729
18:37.2,387.933,18:37.2,106.705,18:37.2,2.0973
18:37.3,388.021,18:37.3,106.808,18:37.3,2.09639
18:37.4,387.96,18:37.4,106.892,18:37.4,2.09701
18:37.5,388.106,18:37.5,106.914,18:37.5,2.09686
18:37.6,388.043,18:37.6,106.894,18:37.6,2.09727
18:37.7,388.001,18:37.7,106.696,18:37.7,2.09679
18:37.8,388.039,18:37.8,106.639,18:37.8,2.09707
18:37.9,388.04,18:37.9,106.949,18:37.9,2.09726
18:38.0,387.989,18:38.0,106.697,18:38.0,2.09694
18:38.1,387.951,18:38.1,106.808,18:38.1,2.09661
18:38.2,388.003,18:38.2,106.793,18:38.2,2.09694
18:38.3,388.066,18:38.3,106.856,18:38.3,2.09668
18:38.4,387.996,18:38.4,106.948,18:38.4,2.0973
18:38.5,387.906,18:38.5,106.961,18:38.5,2.09674
18:38.6,388.049,18:38.6,106.667,18:38.6,2.0965
18:38.7,388.086,18:38.7,106.788,18:38.7,2.09705
18:38.8,387.947,18:38.8,106.834,18:38.8,2.09686
18:38.9,388.014,18:38.9,106.87,18:38.9,2.09679
18:39.0,387.978,18:39.0,106.799,18:39.0,2.09708
18:39.1,388.009,18:39.1,106.928,18:39.1,2.0968
18:39.2,387.968,18:39.2,106.679,18:39.2,2.09631
18:39.3,388.034,18:39.3,106.955,18:39.3,2.09671
18:39.4,388.001,18:39.4,106.778,18:39.4,2.09735
18:39.5,388.022,18:39.5,106.718,18:39.5,2.097
18:39.6,388.015,18:39.6,106.78,18:39.6,2.09694
18:39.7,388.097,18:39.7,106.953,18:39.7,2.09699
18:39.8,387.939,18:39.8,106.811,18:39.8,2.09706
18:39.9,387.974,18:39.9,106.926,18:39.9,2.09673
18:40.0,388.078,18:40.0,106.85,18:40.0,2.09704
18:40.1,388.046,18:40.1,106.9,18:40.1,2.0971
18:40.2,388.024,18:40.2,106.772,18:40.2,2.09717
18:40.3,388.017,18:40.3,106.808,18:40.3,2.09734
18:40.4,387.994,18:40.4,106.845,18:40.4,2.09708
18:40.5,388.055,18:40.5,106.931,18:40.5,2.09715
18:40.6,388.04,18:40.6,106.717,18:40.6,2.097
18:40.7,388.02,18:40.7,107.067,18:40.7,2.09618
18:40.8,387.957,18:40.8,106.901,18:40.8,2.09665
18:40.9,388.1,18:40.9,106.761,18:40.9,2.09663
18:41.0,387.999,18:41.0,106.669,18:41.0,2.09646
18:41.1,388.111,18:41.1,106.908,18:41.1,2.09687
18:41.2,387.981,18:41.2,106.822,18:41.2,2.09691
18:41.3,388.033,18:41.3,106.867,18:41.3,2.09703
18:41.4,388.061,18:41.4,106.851,18:41.4,2.09765
18:41.5,388.06,18:41.5,106.878,18:41.5,2.09695
18:41.6,388.026,18:41.6,106.957,18:41.6,2.09716
18:41.7,388.091,18:41.7,106.959,18:41.7,2.0971
18:41.8,388.05,18:41.8,106.765,18:41.8,2.09728
18:41.9,387.934,18:41.9,106.928,18:41.9,2.09706
18:42.0,388.027,18:42.0,106.811,18:42.0,2.09692
18:42.1,388.123,18:42.1,106.893,18:42.1,2.09673
18:42.2,388.13,18:42.2,106.914,18:42.2,2.09747
18:42.3,388.065,18:42.3,106.718,18:42.3,2.097
18:42.4,388.009,18:42.4,107.016,18:42.4,2.0969
18:42.5,388.077,18:42.5,107.015,18:42.5,2.09671
18:42.6,388.116,18:42.6,107.008,18:42.6,2.0968
18:42.7,388.044,18:42.7,106.977,18:42.7,2.09699
18:42.8,388.088,18:42.8,106.983,18:42.8,2.09657
18:42.9,388.146,18:42.9,106.94,18:42.9,2.09654
18:43.0,388.107,18:43.0,107.015,18:43.0,2.09686
18:43.1,388.087,18:43.1,106.856,18:43.1,2.09678
18:43.2,388.068,18:43.2,106.977,18:43.2,2.09691
18:43.3,388.096,18:43.3,107.029,18:43.3,2.09684
18:43.4,388.102,18:43.4,106.936,18:43.4,2.09718
18:43.5,388.009,18:43.5,106.987,18:43.5,2.09713
18:43.6,388.159,18:43.6,106.971,18:43.6,2.09713
18:43.7,388.061,18:43.7,106.912,18:43.7,2.09712
18:43.8,388.03,18:43.8,106.852,18:43.8,2.09687
18:43.9,388.078,18:43.9,107.043,18:43.9,2.09729
18:44.0,388.135,18:44.0,106.972,18:44.0,2.09704
18:44.1,388.081,18:44.1,106.856,18:44.1,2.0975
18:44.2,388.121,18:44.2,106.857,18:44.2,2.09728
18:44.3,388.107,18:44.3,106.882,18:44.3,2.09724
18:44.4,388.146,18:44.4,106.917,18:44.4,2.09684
18:44.5,388.179,18:44.5,106.821,18:44.5,2.09702
18:44.6,388.071,18:44.6,107.082,18:44.6,2.09676
18:44.7,388.147,18:44.7,106.935,18:44.7,2.09741
18:44.8,388.04,18:44.8,106.93,18:44.8,2.09687
18:44.9,388.15,18:44.9,106.911,18:44.9,2.09674
18:45.0,388.111,18:45.0,107.114,18:45.0,2.09683
18:45.1,388.142,18:45.1,106.883,18:45.1,2.09669
18:45.2,388.029,18:45.2,107.124,18:45.2,2.09682
18:45.3,388.123,18:45.3,106.85,18:45.3,2.09693
18:45.4,388.062,18:45.4,106.963,18:45.4,2.09716
18:45.5,388.02,18:45.5,106.915,18:45.5,2.09712
18:45.6,388.097,18:45.6,106.826,18:45.6,2.09698
18:45.7,388.069,18:45.7,107.081,18:45.7,2.09727
18:45.8,388.123,18:45.8,106.968,18:45.8,2.09726
18:45.9,388.166,18:45.9,106.891,18:45.9,2.09692
18:46.0,388.153,18:46.0,107.016,18:46.0,2.09726
18:46.1,388.059,18:46.1,107.083,18:46.1,2.09684
18:46.2,388.041,18:46.2,106.96,18:46.2,2.09706
18:46.3,388.043,18:46.3,107.042,18:46.3,2.09757
18:46.4,388.027,18:46.4,106.978,18:46.4,2.09682
18:46.5,388.103,18:46.5,106.938,18:46.5,2.09729
18:46.6,388.054,18:46.6,106.777,18:46.6,2.09716
18:46.7,388.148,18:46.7,107.043,18:46.7,2.09674
18:46.8,388.066,18:46.8,106.977,18:46.8,2.09694
18:46.9,387.982,18:46.9,106.971,18:46.9,2.09694
18:47.0,388.078,18:47.0,106.956,18:47.0,2.09716
18:47.1,388.072,18:47.1,106.92,18:47.1,2.09706
18:47.2,388.042,18:47.2,107.062,18:47.2,2.09688
18:47.3,387.958,18:47.3,106.978,18:47.3,2.097
18:47.4,388.174,18:47.4,106.988,18:47.4,2.09723
18:47.5,388.059,18:47.5,106.96,18:47.5,2.09697
18:47.6,388.033,18:47.6,107.125,18:47.6,2.09742
18:47.7,388.007,18:47.7,107.013,18:47.7,2.09682
18:47.8,388.049,18:47.8,107.036,18:47.8,2.09677
18:47.9,388.059,18:47.9,107.01,18:47.9,2.09674
18:48.0,387.941,18:48.0,106.859,18:48.0,2.0971
18:48.1,387.95,18:48.1,107.037,18:48.1,2.09761
18:48.2,387.989,18:48.2,107.05,18:48.2,2.09756
18:48.3,388.097,18:48.3,107.216,18:48.3,2.09717
18:48.4,388.057,18:48.4,107.049,18:48.4,2.09727
18:48.5,388.074,18:48.5,106.954,18:48.5,2.09726
18:48.6,388.119,18:48.6,107.174,18:48.6,2.09717
18:48.7,388.064,18:48.7,107.088,18:48.7,2.09737
18:48.8,388.042,18:48.8,107.008,18:48.8,2.09698
18:48.9,387.997,18:48.9,106.864,18:48.9,2.0967
18:49.0,388.009,18:49.0,107.129,18:49.0,2.09751
18:49.1,388.081,18:49.1,107.024,18:49.1,2.09705
18:49.2,388.133,18:49.2,107.087,18:49.2,2.09703
18:49.3,387.984,18:49.3,107.017,18:49.3,2.09756
18:49.4,388.066,18:49.4,106.976,18:49.4,2.09682
18:49.5,388.004,18:49.5,107.113,18:49.5,2.09733
18:49.6,388.046,18:49.6,107.076,18:49.6,2.09727
18:49.7,388.058,18:49.7,107.131,18:49.7,2.09701
18:49.8,388.04,18:49.8,107.164,18:49.8,2.09752
18:49.9,388.046,18:49.9,107.104,18:49.9,2.09695
18:50.0,387.974,18:50.0,106.974,18:50.0,2.09698
18:50.1,388.048,18:50.1,107.04,18:50.1,2.0972
18:50.2,388.085,18:50.2,107.013,18:50.2,2.09711
18:50.3,388.017,18:50.3,106.877,18:50.3,2.09744
18:50.4,387.987,18:50.4,107.166,18:50.4,2.09711
18:50.5,388.017,18:50.5,106.975,18:50.5,2.09703
18:50.6,388.053,18:50.6,107.059,18:50.6,2.09697
18:50.7,388.053,18:50.7,107.112,18:50.7,2.09689
18:50.8,387.951,18:50.8,107.062,18:50.8,2.0969
18:50.9,388,18:50.9,107.012,18:50.9,2.09705
18:51.0,388.078,18:51.0,107.056,18:51.0,2.09715
18:51.1,387.955,18:51.1,107.042,18:51.1,2.09742
18:51.2,388.043,18:51.2,107.161,18:51.2,2.09702
18:51.3,388.039,18:51.3,107.123,18:51.3,2.09741
18:51.4,388.035,18:51.4,106.994,18:51.4,2.09727
18:51.5,388.077,18:51.5,107.201,18:51.5,2.0973
18:51.6,388.001,18:51.6,107.237,18:51.6,2.09698
18:51.7,388.006,18:51.7,107.169,18:51.7,2.09758
18:51.8,388.009,18:51.8,107.217,18:51.8,2.09742
18:51.9,388.031,18:51.9,107.064,18:51.9,2.09734
18:52.0,388.064,18:52.0,107.01,18:52.0,2.09732
18:52.1,388.061,18:52.1,107.206,18:52.1,2.09769
18:52.2,388.013,18:52.2,107.051,18:52.2,2.09772
18:52.3,388.083,18:52.3,107.144,18:52.3,2.09728
18:52.4,388.08,18:52.4,107.003,18:52.4,2.0972
18:52.5,387.989,18:52.5,107.193,18:52.5,2.09749
18:52.6,388.044,18:52.6,107.044,18:52.6,2.09689
18:52.7,387.958,18:52.7,106.978,18:52.7,2.09724
18:52.8,387.935,18:52.8,107.124,18:52.8,2.09744
18:52.9,387.958,18:52.9,106.996,18:52.9,2.09733
18:53.0,388.003,18:53.0,107.138,18:53.0,2.09775
18:53.1,387.9,18:53.1,107.152,18:53.1,2.09767
18:53.2,387.994,18:53.2,107.06,18:53.2,2.09727
18:53.3,388,18:53.3,107.028,18:53.3,2.09758
18:53.4,387.978,18:53.4,107.042,18:53.4,2.09725
18:53.5,387.989,18:53.5,107.191,18:53.5,2.09766
18:53.6,387.911,18:53.6,107.006,18:53.6,2.09733
18:53.7,388.03,18:53.7,106.929,18:53.7,2.09745
18:53.8,387.943,18:53.8,107.137,18:53.8,2.09736
18:53.9,387.899,18:53.9,107.068,18:53.9,2.09724
18:54.0,387.886,18:54.0,107.176,18:54.0,2.09725
18:54.1,387.983,18:54.1,107.091,18:54.1,2.09698
18:54.2,387.91,18:54.2,107.171,18:54.2,2.09746
18:54.3,387.963,18:54.3,106.904,18:54.3,2.09676
18:54.4,387.967,18:54.4,107.148,18:54.4,2.09743
18:54.5,388.019,18:54.5,107.196,18:54.5,2.0974
18:54.6,387.938,18:54.6,107.318,18:54.6,2.09731
18:54.7,387.946,18:54.7,107.316,18:54.7,2.09729
18:54.8,388.006,18:54.8,107.148,18:54.8,2.09737
18:54.9,387.962,18:54.9,107.114,18:54.9,2.09731
18:55.0,387.918,18:55.0,107.19,18:55.0,2.09703
18:55.1,387.889,18:55.1,107.305,18:55.1,2.09724
18:55.2,387.901,18:55.2,107.188,18:55.2,2.09743
18:55.3,387.879,18:55.3,107.142,18:55.3,2.09758
18:55.4,387.842,18:55.4,107.118,18:55.4,2.0971
18:55.5,387.908,18:55.5,107.168,18:55.5,2.09726
18:55.6,387.98,18:55.6,107.344,18:55.6,2.09752
18:55.7,387.951,18:55.7,107.122,18:55.7,2.09725
18:55.8,387.964,18:55.8,107.186,18:55.8,2.0972
18:55.9,387.991,18:55.9,107.104,18:55.9,2.09755
18:56.0,387.974,18:56.0,107.395,18:56.0,2.09763
18:56.1,387.949,18:56.1,107.039,18:56.1,2.09728
18:56.2,387.952,18:56.2,107.04,18:56.2,2.09772
18:56.3,387.821,18:56.3,107.092,18:56.3,2.09787
18:56.4,387.97,18:56.4,107.192,18:56.4,2.09764
18:56.5,387.896,18:56.5,107.078,18:56.5,2.09755
18:56.6,387.959,18:56.6,107.144,18:56.6,2.09786
18:56.7,387.989,18:56.7,107.121,18:56.7,2.09712
18:56.8,387.966,18:56.8,107.089,18:56.8,2.09712
18:56.9,387.931,18:56.9,107.116,18:56.9,2.09758
18:57.0,387.832,18:57.0,107.06,18:57.0,2.09769
18:57.1,387.809,18:57.1,107.102,18:57.1,2.09772
18:57.2,387.804,18:57.2,107.273,18:57.2,2.09705
18:57.3,387.933,18:57.3,107.201,18:57.3,2.09733
18:57.4,387.806,18:57.4,107.16,18:57.4,2.0974
18:57.5,387.898,18:57.5,107.243,18:57.5,2.09729
18:57.6,387.914,18:57.6,106.92,18:57.6,2.09774
18:57.7,387.955,18:57.7,107.037,18:57.7,2.09752
18:57.8,387.859,18:57.8,107.078,18:57.8,2.09788
18:57.9,387.867,18:57.9,107.035,18:57.9,2.09723
18:58.0,387.949,18:58.0,107.25,18:58.0,2.09773
18:58.1,387.831,18:58.1,107.141,18:58.1,2.09728
18:58.2,387.903,18:58.2,107.201,18:58.2,2.09724
18:58.3,387.94,18:58.3,107.189,18:58.3,2.09724
18:58.4,387.879,18:58.4,107.184,18:58.4,2.09729
18:58.5,387.854,18:58.5,107.139,18:58.5,2.09731
18:58.6,387.907,18:58.6,107.229,18:58.6,2.0969
18:58.7,387.949,18:58.7,107.265,18:58.7,2.09793
18:58.8,388.001,18:58.8,107.212,18:58.8,2.09739
18:58.9,387.808,18:58.9,107.241,18:58.9,2.09714
18:59.0,387.922,18:59.0,107.226,18:59.0,2.09745
18:59.1,387.864,18:59.1,107.211,18:59.1,2.09769
18:59.2,387.834,18:59.2,107.227,18:59.2,2.09762
18:59.3,387.854,18:59.3,107.248,18:59.3,2.09722
18:59.4,387.864,18:59.4,107.129,18:59.4,2.09705
18:59.5,387.891,18:59.5,106.984,18:59.5,2.09731
18:59.6,387.895,18:59.6,107.187,18:59.6,2.09727
18:59.7,387.928,18:59.7,107.318,18:59.7,2.09725
18:59.8,387.752,18:59.8,107.139,18:59.8,2.09789
18:59.9,387.809,18:59.9,107.231,18:59.9,2.09797
19:00.0,387.844,19:00.0,107.192,19:00.0,2.09755
19:00.1,387.851,19:00.1,107.166,19:00.1,2.0969
19:00.2,387.858,19:00.2,107.251,19:00.2,2.09745
19:00.3,387.858,19:00.3,107.249,19:00.3,2.09737
19:00.4,387.872,19:00.4,107.281,19:00.4,2.09763
19:00.5,387.842,19:00.5,107.377,19:00.5,2.0975
19:00.6,387.879,19:00.6,107.221,19:00.6,2.09713
19:00.7,387.79,19:00.7,107.379,19:00.7,2.09739
19:00.8,387.779,19:00.8,107.24,19:00.8,2.0972
19:00.9,387.814,19:00.9,107.259,19:00.9,2.09779
19:01.0,387.775,19:01.0,107.266,19:01.0,2.09745
19:01.1,387.816,19:01.1,107.181,19:01.1,2.09723
19:01.2,387.865,19:01.2,107.133,19:01.2,2.09742
19:01.3,387.843,19:01.3,107.349,19:01.3,2.0976
19:01.4,387.796,19:01.4,107.195,19:01.4,2.09714
19:01.5,387.84,19:01.5,107.506,19:01.5,2.09763
19:01.6,387.787,19:01.6,107.14,19:01.6,2.09779
19:01.7,387.802,19:01.7,107.211,19:01.7,2.09779
19:01.8,387.763,19:01.8,107.266,19:01.8,2.09797
19:01.9,387.758,19:01.9,107.238,19:01.9,2.09741
19:02.0,387.731,19:02.0,107.246,19:02.0,2.09756
19:02.1,387.713,19:02.1,107.505,19:02.1,2.09763
19:02.2,387.852,19:02.2,107.345,19:02.2,2.09741
19:02.3,387.832,19:02.3,107.195,19:02.3,2.0976
19:02.4,387.765,19:02.4,107.305,19:02.4,2.09775
19:02.5,387.793,19:02.5,107.32,19:02.5,2.09747
19:02.6,387.847,19:02.6,107.201,19:02.6,2.09718
19:02.7,387.768,19:02.7,107.174,19:02.7,2.09793
19:02.8,387.79,19:02.8,107.283,19:02.8,2.09765
19:02.9,387.721,19:02.9,107.113,19:02.9,2.09791
19:03.0,387.688,19:03.0,107.364,19:03.0,2.09806
19:03.1,387.83,19:03.1,107.395,19:03.1,2.09696
19:03.2,387.759,19:03.2,107.321,19:03.2,2.09791
19:03.3,387.78,19:03.3,107.149,19:03.3,2.09735
19:03.4,387.725,19:03.4,107.256,19:03.4,2.09766
19:03.5,387.671,19:03.5,107.423,19:03.5,2.09774
19:03.6,387.737,19:03.6,107.232,19:03.6,2.09762
19:03.7,387.782,19:03.7,107.399,19:03.7,2.09781
19:03.8,387.767,19:03.8,107.286,19:03.8,2.0977
19:03.9,387.668,19:03.9,107.344,19:03.9,2.09728
19:04.0,387.79,19:04.0,107.34,19:04.0,2.09779
19:04.1,387.723,19:04.1,107.264,19:04.1,2.09757
19:04.2,387.887,19:04.2,107.337,19:04.2,2.09784
19:04.3,387.749,19:04.3,107.256,19:04.3,2.0975
19:04.4,387.719,19:04.4,107.187,19:04.4,2.09668
19:04.5,387.797,19:04.5,107.157,19:04.5,2.0973
19:04.6,387.654,19:04.6,107.296,19:04.6,2.09819
19:04.7,387.762,19:04.7,107.349,19:04.7,2.09711
19:04.8,387.814,19:04.8,107.325,19:04.8,2.09719
19:04.9,387.729,19:04.9,107.195,19:04.9,2.09761
19:05.0,387.749,19:05.0,107.372,19:05.0,2.09748
19:05.1,387.755,19:05.1,107.413,19:05.1,2.09712
19:05.2,387.774,19:05.2,107.568,19:05.2,2.09782
19:05.3,387.708,19:05.3,107.139,19:05.3,2.09783
19:05.4,387.669,19:05.4,107.457,19:05.4,2.09765
19:05.5,387.689,19:05.5,107.336,19:05.5,2.09788
19:05.6,387.724,19:05.6,107.1,19:05.6,2.09799
19:05.7,387.721,19:05.7,107.323,19:05.7,2.09775
19:05.8,387.652,19:05.8,107.193,19:05.8,2.09792
19:05.9,387.695,19:05.9,107.516,19:05.9,2.09792
19:06.0,387.731,19:06.0,107.353,19:06.0,2.09796
19:06.1,387.709,19:06.1,107.333,19:06.1,2.09765
19:06.2,387.63,19:06.2,107.266,19:06.2,2.09724
19:06.3,387.693,19:06.3,107.257,19:06.3,2.09764
19:06.4,387.691,19:06.4,107.414,19:06.4,2.09772
19:06.5,387.652,19:06.5,107.409,19:06.5,2.09807
19:06.6,387.655,19:06.6,107.372,19:06.6,2.0983
19:06.7,387.626,19:06.7,107.315,19:06.7,2.09737
19:06.8,387.678,19:06.8,107.346,19:06.8,2.0979
19:06.9,387.724,19:06.9,107.313,19:06.9,2.09775
19:07.0,387.677,19:07.0,107.224,19:07.0,2.09812
19:07.1,387.695,19:07.1,107.325,19:07.1,2.09812
19:07.2,387.693,19:07.2,107.432,19:07.2,2.09764
19:07.3,387.675,19:07.3,107.403,19:07.3,2.0973
19:07.4,387.711,19:07.4,107.307,19:07.4,2.09799
19:07.5,387.703,19:07.5,107.285,19:07.5,2.09757
19:07.6,387.691,19:07.6,107.387,19:07.6,2.09743
19:07.7,387.606,19:07.7,107.34,19:07.7,2.09773
19:07.8,387.651,19:07.8,107.396,19:07.8,2.09753
19:07.9,387.664,19:07.9,107.506,19:07.9,2.09766
19:08.0,387.588,19:08.0,107.411,19:08.0,2.09734
19:08.1,387.722,19:08.1,107.331,19:08.1,2.09778
19:08.2,387.679,19:08.2,107.519,19:08.2,2.09771
19:08.3,387.672,19:08.3,107.413,19:08.3,2.09774
19:08.4,387.675,19:08.4,107.483,19:08.4,2.09775
19:08.5,387.642,19:08.5,107.517,19:08.5,2.09728
19:08.6,387.688,19:08.6,107.516,19:08.6,2.09777
19:08.7,387.659,19:08.7,107.385,19:08.7,2.09818
19:08.8,387.633,19:08.8,107.443,19:08.8,2.09767
19:08.9,387.586,19:08.9,107.228,19:08.9,2.09755
19:09.0,387.686,19:09.0,107.351,19:09.0,2.09759
19:09.1,387.55,19:09.1,107.342,19:09.1,2.09712
19:09.2,387.669,19:09.2,107.317,19:09.2,2.09784
19:09.3,387.703,19:09.3,107.299,19:09.3,2.09773
19:09.4,387.662,19:09.4,107.318,19:09.4,2.0978
19:09.5,387.632,19:09.5,107.389,19:09.5,2.09765
19:09.6,387.587,19:09.6,107.384,19:09.6,2.09761
19:09.7,387.55,19:09.7,107.385,19:09.7,2.09755
19:09.8,387.524,19:09.8,107.305,19:09.8,2.09781
19:09.9,387.675,19:09.9,107.466,19:09.9,2.09775
19:10.0,387.47,19:10.0,107.515,19:10.0,2.09731
19:10.1,387.654,19:10.1,107.381,19:10.1,2.09731
19:10.2,387.645,19:10.2,107.29,19:10.2,2.09758
19:10.3,387.642,19:10.3,107.278,19:10.3,2.09803
19:10.4,387.592,19:10.4,107.375,19:10.4,2.09771
19:10.5,387.64,19:10.5,107.394,19:10.5,2.09764
19:10.6,387.539,19:10.6,107.413,19:10.6,2.09769
19:10.7,387.55,19:10.7,107.383,19:10.7,2.09814
19:10.8,387.567,19:10.8,107.264,19:10.8,2.09756
19:10.9,387.607,19:10.9,107.541,19:10.9,2.09797
19:11.0,387.633,19:11.0,107.487,19:11.0,2.09726
